"","team","zone","FGA","FGM","shot_dist_per","eFG_per"
"1","Team A","2PT",194,95,69.2857142857143,48.9690721649485
"2","Team A","C3",18,9,6.42857142857143,75
"3","Team A","NC3",68,21,24.2857142857143,46.3235294117647
"4","Team B","2PT",150,67,66.9642857142857,44.6666666666667
"5","Team B","C3",12,4,5.35714285714286,50
"6","Team B","NC3",62,21,27.6785714285714,50.8064516129032
